Angle,Radians
0,0
30,0.523599
45,0.785398
60,1.0472
90,1.5708
120,2.0944
135,2.35619
150,2.61799
180,3.14159
210,3.66519
225,3.92699
240,4.18879
270,4.71239
300,5.23599
315,5.49779
330,5.75959
360,6.28319